device_id,organization_id,device_type,operating_system,managed_by_it
5001,1,Laptop,Windows 11,true
5002,1,Laptop,macOS 15,true
5003,1,Laptop,Windows 11,false
5004,1,Laptop,Ubuntu 24.04,true
5005,1,Laptop,Windows 10,true
5006,1,Laptop,Ubuntu 24.04,true
5007,1,Mobile,Android 15,false
5008,1,Mobile,Android 15,false
5009,1,Laptop,macOS 15,true
5010,1,Laptop,Windows 10,true
5011,1,Laptop,macOS 15,true
5012,1,Tablet,Android 15,true
5013,1,Laptop,Windows 11,false
5014,1,Mobile,iOS 18,false
5015,1,Desktop,Windows 11,true
5016,1,Laptop,Windows 10,true
5017,1,Laptop,Windows 10,true
5018,1,Mobile,iOS 18,true
5019,1,Laptop,Windows 11,true
5020,1,Tablet,iPadOS 18,true
5021,1,Mobile,iOS 18,false
5022,1,Laptop,Windows 11,true
5023,1,Mobile,Android 15,true
5024,1,Laptop,Windows 10,true
5025,1,Desktop,Windows 11,true
5026,1,Mobile,iOS 18,true
5027,1,Laptop,Windows 11,true
5028,1,Mobile,Android 15,true
5029,1,Tablet,iPadOS 18,false
5030,1,Mobile,Android 15,false
5031,1,Laptop,Ubuntu 24.04,true
5032,1,Laptop,Windows 10,true
5033,1,Laptop,macOS 15,true
5034,1,Desktop,macOS 15,true
5035,1,Desktop,Windows 11,true
5036,1,Laptop,Windows 10,true
5037,1,Mobile,Android 15,true
5038,1,Laptop,Ubuntu 24.04,true
5039,1,Laptop,macOS 15,true
5040,1,Laptop,Windows 10,true
5041,1,Laptop,Windows 11,true
5042,1,Laptop,Windows 11,true
5043,1,Laptop,Windows 10,true
5044,1,Desktop,macOS 15,true
5045,1,Laptop,Ubuntu 24.04,true
5046,1,Mobile,Android 15,false
5047,1,Laptop,Windows 10,true
5048,1,Laptop,Windows 11,true
5049,1,Desktop,Windows 11,true
5050,1,Desktop,Ubuntu 24.04,true
5051,1,Tablet,iPadOS 18,false
5052,1,Desktop,macOS 15,true
5053,2,Laptop,macOS 15,false
5054,2,Laptop,Windows 10,true
5055,2,Desktop,Ubuntu 24.04,true
5056,2,Mobile,iOS 18,true
5057,2,Desktop,Ubuntu 24.04,true
5058,2,Laptop,macOS 15,true
5059,2,Laptop,Windows 11,true
5060,2,Laptop,Windows 11,true
5061,2,Laptop,Ubuntu 24.04,true
5062,2,Laptop,macOS 15,true
5063,2,Laptop,macOS 15,true
5064,2,Laptop,Ubuntu 24.04,true
5065,2,Laptop,Windows 10,true
5066,2,Desktop,Windows 11,true
5067,2,Tablet,iPadOS 18,false
5068,2,Laptop,Windows 11,true
5069,2,Mobile,iOS 18,true
5070,2,Desktop,Windows 10,true
5071,2,Mobile,Android 15,true
5072,2,Mobile,iOS 18,true
5073,2,Laptop,Windows 11,true
5074,2,Desktop,Ubuntu 24.04,true
5075,2,Laptop,Windows 11,true
5076,2,Tablet,iPadOS 18,false
5077,2,Desktop,macOS 15,true
5078,2,Mobile,iOS 18,true
5079,2,Laptop,Windows 11,true
5080,2,Laptop,macOS 15,true
5081,2,Mobile,iOS 18,true
5082,2,Laptop,Windows 10,true
5083,2,Laptop,Windows 10,true
5084,2,Laptop,Windows 10,true
5085,2,Laptop,Windows 11,true
5086,2,Mobile,Android 15,true
5087,2,Desktop,Ubuntu 24.04,true
5088,2,Mobile,Android 15,false
5089,2,Desktop,Windows 10,true
5090,2,Laptop,macOS 15,true
5091,2,Desktop,macOS 15,true
5092,2,Laptop,Ubuntu 24.04,true
5093,2,Laptop,macOS 15,true
5094,2,Mobile,iOS 18,false
5095,2,Laptop,Ubuntu 24.04,true
5096,2,Tablet,iPadOS 18,true
5097,2,Mobile,iOS 18,true
5098,3,Laptop,Windows 10,false
5099,3,Laptop,macOS 15,false
5100,3,Laptop,Windows 10,true
5101,3,Mobile,Android 15,true
5102,3,Desktop,macOS 15,true
5103,3,Laptop,Ubuntu 24.04,true
5104,3,Desktop,Windows 11,true
5105,3,Desktop,Windows 11,true
5106,3,Desktop,Ubuntu 24.04,true
5107,3,Mobile,iOS 18,true
5108,3,Desktop,Windows 10,false
5109,3,Laptop,Ubuntu 24.04,true
5110,3,Mobile,iOS 18,true
5111,3,Laptop,macOS 15,true
5112,3,Desktop,Windows 11,true
5113,3,Laptop,macOS 15,true
5114,3,Laptop,Windows 10,true
5115,3,Mobile,iOS 18,true
5116,3,Laptop,Windows 11,true
5117,3,Mobile,iOS 18,false
5118,3,Mobile,iOS 18,false
5119,3,Laptop,Windows 10,true
5120,3,Mobile,iOS 18,false
5121,3,Laptop,macOS 15,true
5122,3,Laptop,Ubuntu 24.04,true
5123,3,Mobile,Android 15,true
5124,3,Laptop,Ubuntu 24.04,true
5125,3,Laptop,Ubuntu 24.04,true
5126,3,Laptop,Ubuntu 24.04,true
5127,3,Laptop,Windows 10,true
5128,3,Mobile,iOS 18,false
5129,3,Laptop,Ubuntu 24.04,true
5130,3,Desktop,Windows 11,true
5131,3,Laptop,Windows 11,true
5132,3,Mobile,Android 15,true
5133,4,Laptop,Ubuntu 24.04,true
5134,4,Mobile,Android 15,false
5135,4,Tablet,Android 15,true
5136,4,Laptop,Windows 10,true
5137,4,Laptop,Windows 10,true
5138,4,Tablet,Android 15,false
5139,4,Laptop,macOS 15,false
5140,4,Laptop,Windows 10,true
5141,4,Laptop,Windows 11,true
5142,4,Laptop,Windows 10,true
5143,4,Desktop,Ubuntu 24.04,true
5144,4,Laptop,macOS 15,true
5145,4,Laptop,Ubuntu 24.04,true
5146,4,Mobile,Android 15,false
5147,4,Laptop,Windows 10,true
5148,4,Laptop,Windows 11,true
5149,4,Laptop,Ubuntu 24.04,true
5150,4,Desktop,macOS 15,true
5151,4,Desktop,Windows 11,true
5152,4,Laptop,Ubuntu 24.04,false
5153,4,Laptop,Windows 11,true
5154,4,Laptop,Windows 10,true
5155,4,Desktop,macOS 15,true
5156,4,Laptop,macOS 15,true
5157,4,Laptop,Ubuntu 24.04,false
5158,4,Laptop,Windows 10,true
5159,4,Laptop,Ubuntu 24.04,true
5160,4,Laptop,Windows 10,true
5161,4,Laptop,macOS 15,true
5162,4,Tablet,Android 15,true
5163,5,Mobile,iOS 18,true
5164,5,Mobile,iOS 18,false
5165,5,Laptop,Windows 11,true
5166,5,Laptop,Ubuntu 24.04,true
5167,5,Mobile,Android 15,true
5168,5,Laptop,Ubuntu 24.04,true
5169,5,Mobile,Android 15,false
5170,5,Mobile,iOS 18,true
5171,5,Tablet,iPadOS 18,true
5172,5,Laptop,Windows 11,true
5173,5,Laptop,Ubuntu 24.04,true
5174,5,Laptop,Ubuntu 24.04,true
5175,5,Laptop,macOS 15,true
5176,5,Laptop,Windows 11,true
5177,5,Desktop,macOS 15,true
5178,5,Mobile,iOS 18,false
5179,5,Laptop,Ubuntu 24.04,true
5180,5,Laptop,macOS 15,true
5181,5,Tablet,iPadOS 18,false
5182,5,Desktop,macOS 15,true
5183,6,Mobile,iOS 18,true
5184,6,Laptop,macOS 15,true
5185,6,Laptop,Windows 10,true
5186,6,Laptop,Windows 11,true
5187,6,Laptop,Ubuntu 24.04,true
5188,6,Desktop,Ubuntu 24.04,true
5189,6,Laptop,Windows 11,true
5190,6,Mobile,Android 15,false
5191,6,Mobile,Android 15,false
5192,6,Mobile,Android 15,false
5193,6,Mobile,iOS 18,false
5194,6,Laptop,Windows 11,false
5195,6,Mobile,iOS 18,false
5196,6,Laptop,macOS 15,true
5197,6,Tablet,iPadOS 18,false
5198,6,Laptop,macOS 15,true
5199,6,Mobile,Android 15,true
5200,6,Mobile,iOS 18,true
5201,6,Laptop,Windows 11,true
5202,6,Mobile,Android 15,true
5203,6,Mobile,iOS 18,false
5204,6,Laptop,Windows 11,true
5205,6,Laptop,macOS 15,true
5206,6,Laptop,Windows 10,true
5207,6,Tablet,Android 15,false
5208,6,Laptop,macOS 15,true
5209,6,Laptop,Windows 11,true
5210,6,Laptop,Windows 10,true
5211,7,Desktop,macOS 15,true
5212,7,Desktop,Windows 11,true
5213,7,Tablet,Android 15,false
5214,7,Mobile,Android 15,false
5215,7,Laptop,macOS 15,true
5216,7,Laptop,Windows 10,true
5217,7,Mobile,Android 15,true
5218,7,Mobile,iOS 18,true
5219,7,Laptop,Windows 10,true
5220,7,Laptop,macOS 15,true
5221,7,Mobile,Android 15,true
5222,7,Laptop,Windows 11,true
5223,7,Laptop,macOS 15,true
5224,7,Laptop,Windows 11,true
5225,7,Laptop,Ubuntu 24.04,true
5226,7,Mobile,iOS 18,false
5227,7,Tablet,Android 15,true
5228,7,Laptop,Ubuntu 24.04,true
5229,7,Laptop,Windows 11,true
5230,7,Laptop,Ubuntu 24.04,false
5231,7,Laptop,macOS 15,true
5232,7,Laptop,Ubuntu 24.04,true
5233,7,Laptop,Windows 11,true
5234,7,Mobile,Android 15,false
5235,7,Laptop,Ubuntu 24.04,true
5236,7,Desktop,macOS 15,true
5237,7,Laptop,Ubuntu 24.04,true
5238,7,Laptop,Windows 11,true
5239,7,Laptop,macOS 15,true
5240,7,Laptop,macOS 15,true
5241,7,Laptop,Ubuntu 24.04,true
5242,7,Laptop,Windows 10,true
5243,7,Mobile,Android 15,true
5244,7,Mobile,iOS 18,true
5245,7,Desktop,Windows 10,true
5246,7,Desktop,macOS 15,true
5247,7,Laptop,Ubuntu 24.04,true
5248,7,Laptop,Windows 11,true
5249,8,Desktop,Ubuntu 24.04,true
5250,8,Mobile,iOS 18,false
5251,8,Laptop,Windows 10,true
5252,8,Desktop,Windows 10,true
5253,8,Mobile,Android 15,true
5254,8,Mobile,iOS 18,true
5255,8,Mobile,iOS 18,true
5256,8,Laptop,Windows 10,true
5257,8,Laptop,Ubuntu 24.04,true
5258,8,Mobile,iOS 18,false
5259,8,Laptop,macOS 15,false
5260,8,Laptop,Ubuntu 24.04,true
5261,8,Laptop,macOS 15,true
5262,8,Desktop,macOS 15,true
5263,8,Laptop,Windows 10,true
5264,8,Laptop,macOS 15,true
5265,8,Mobile,Android 15,true
5266,8,Laptop,macOS 15,true
